ID,Province_State,Date,Confirmed,Deaths
0,Alabama,11-22-2020,230708,3457
1,Alaska,11-22-2020,27224,102
2,Arizona,11-22-2020,295334,6457
3,Arkansas,11-22-2020,143821,2337
4,California,11-22-2020,1105435,18672
5,Colorado,11-22-2020,194679,2787
6,Connecticut,11-22-2020,101469,4828
7,Delaware,11-22-2020,31321,746
8,Florida,11-22-2020,931827,17930
9,Georgia,11-22-2020,446804,9179
10,Hawaii,11-22-2020,17361,231
11,Idaho,11-22-2020,90834,847
12,Illinois,11-22-2020,646286,11951
13,Indiana,11-22-2020,289183,5246
14,Iowa,11-22-2020,209203,2191
15,Kansas,11-22-2020,137066,1410
16,Kentucky,11-22-2020,155908,1783
17,Louisiana,11-22-2020,216709,6233
18,Maine,11-22-2020,10123,174
19,Maryland,11-22-2020,179971,4415
20,Massachusetts,11-22-2020,204155,10488
21,Michigan,11-22-2020,329021,8875
22,Minnesota,11-22-2020,262952,3257
23,Mississippi,11-22-2020,142401,3657
24,Missouri,11-22-2020,272821,3574
25,Montana,11-22-2020,54542,600
26,Nebraska,11-22-2020,113029,905
27,Nevada,11-22-2020,131733,2011
28,New Hampshire,11-22-2020,17315,508
29,New Jersey,11-22-2020,302039,16746
30,New Mexico,11-22-2020,79440,1350
31,New York,11-22-2020,590823,34296
32,North Carolina,11-22-2020,332261,5005
33,North Dakota,11-22-2020,71540,840
34,Ohio,11-22-2020,343286,5984
35,Oklahoma,11-22-2020,170924,1624
36,Oregon,11-22-2020,63668,819
37,Pennsylvania,11-22-2020,306988,9775
38,Rhode Island,11-22-2020,48001,1294
39,South Carolina,11-22-2020,205018,4274
40,South Dakota,11-22-2020,72214,777
41,Tennessee,11-22-2020,335887,4211
42,Texas,11-22-2020,1144424,20903
43,Utah,11-22-2020,173979,787
44,Vermont,11-22-2020,3546,63
45,Virginia,11-22-2020,215679,3938
46,Washington,11-22-2020,141260,2619
47,West Virginia,11-22-2020,39598,658
48,Wisconsin,11-22-2020,372219,3143
49,Wyoming,11-22-2020,27410,176
50,Alabama,11-23-2020,232506,3457
51,Alaska,11-23-2020,27773,103
52,Arizona,11-23-2020,299665,6464
53,Arkansas,11-23-2020,145173,2357
54,California,11-23-2020,1114524,18726
55,Colorado,11-23-2020,198600,2806
56,Connecticut,11-23-2020,101469,4828
57,Delaware,11-23-2020,31808,748
58,Florida,11-23-2020,938414,17991
59,Georgia,11-23-2020,449132,9198
60,Hawaii,11-23-2020,17483,233
61,Idaho,11-23-2020,91653,849
62,Illinois,11-23-2020,656298,12050
63,Indiana,11-23-2020,295357,5305
64,Iowa,11-23-2020,211664,2202
65,Kansas,11-23-2020,137085,1410
66,Kentucky,11-23-2020,158100,1787
67,Louisiana,11-23-2020,220192,6260
68,Maine,11-23-2020,10359,176
69,Maryland,11-23-2020,182139,4434
70,Massachusetts,11-23-2020,206850,10512
71,Michigan,11-23-2020,329021,8875
72,Minnesota,11-23-2020,270157,3297
73,Mississippi,11-23-2020,143180,3676
74,Missouri,11-23-2020,277112,3578
75,Montana,11-23-2020,55680,603
76,Nebraska,11-23-2020,114061,909
77,Nevada,11-23-2020,133888,2017
78,New Hampshire,11-23-2020,17637,512
79,New Jersey,11-23-2020,306007,16761
80,New Mexico,11-23-2020,81896,1383
81,New York,11-23-2020,596214,34319
82,North Carolina,11-23-2020,336775,5034
83,North Dakota,11-23-2020,72683,846
84,Ohio,11-23-2020,351419,5996
85,Oklahoma,11-23-2020,174330,1634
86,Oregon,11-23-2020,65170,820
87,Pennsylvania,11-23-2020,313358,9816
88,Rhode Island,11-23-2020,48001,1294
89,South Carolina,11-23-2020,206295,4283
90,South Dakota,11-23-2020,73065,819
91,Tennessee,11-23-2020,340476,4266
92,Texas,11-23-2020,1153529,21013
93,Utah,11-23-2020,177176,793
94,Vermont,11-23-2020,3629,63
95,Virginia,11-23-2020,217796,3938
96,Washington,11-23-2020,141260,2619
97,West Virginia,11-23-2020,40478,662
98,Wisconsin,11-23-2020,376238,3150
99,Wyoming,11-23-2020,28169,176
100,Alabama,11-24-2020,234080,3459
101,Alaska,11-24-2020,28273,103
102,Arizona,11-24-2020,302324,6464
103,Arkansas,11-24-2020,146190,2387
104,California,11-24-2020,1128219,18753
105,Colorado,11-24-2020,202289,2810
106,Connecticut,11-24-2020,106740,4871
107,Delaware,11-24-2020,32211,752
108,Florida,11-24-2020,944745,18085
109,Georgia,11-24-2020,451056,9215
110,Hawaii,11-24-2020,17596,233
111,Idaho,11-24-2020,93090,866
112,Illinois,11-24-2020,664620,12111
113,Indiana,11-24-2020,300913,5332
114,Iowa,11-24-2020,214792,2222
115,Kansas,11-24-2020,144792,1456
116,Kentucky,11-24-2020,160232,1792
117,Louisiana,11-24-2020,221160,6284
118,Maine,11-24-2020,10544,177
119,Maryland,11-24-2020,183797,4448
120,Massachusetts,11-24-2020,208623,10531
121,Michigan,11-24-2020,340964,8940
122,Minnesota,11-24-2020,276500,3321
123,Mississippi,11-24-2020,143879,3676
124,Missouri,11-24-2020,280645,3580
125,Montana,11-24-2020,56381,614
126,Nebraska,11-24-2020,115921,934
127,Nevada,11-24-2020,136227,2023
128,New Hampshire,11-24-2020,18082,512
129,New Jersey,11-24-2020,309588,16772
130,New Mexico,11-24-2020,84148,1400
131,New York,11-24-2020,602120,34339
132,North Carolina,11-24-2020,339194,5039
133,North Dakota,11-24-2020,73397,852
134,Ohio,11-24-2020,363304,6020
135,Oklahoma,11-24-2020,177874,1649
136,Oregon,11-24-2020,66333,826
137,Pennsylvania,11-24-2020,320158,9846
138,Rhode Island,11-24-2020,50573,1309
139,South Carolina,11-24-2020,207552,4288
140,South Dakota,11-24-2020,73848,819
141,Tennessee,11-24-2020,344550,4301
142,Texas,11-24-2020,1162052,21049
143,Utah,11-24-2020,179420,797
144,Vermont,11-24-2020,3714,63
145,Virginia,11-24-2020,221038,3942
146,Washington,11-24-2020,147537,2655
147,West Virginia,11-24-2020,41114,667
148,Wisconsin,11-24-2020,379693,3158
149,Wyoming,11-24-2020,29431,202
150,Alabama,11-25-2020,236865,3472
151,Alaska,11-25-2020,28863,116
152,Arizona,11-25-2020,306868,6515
153,Arkansas,11-25-2020,148312,2405
154,California,11-25-2020,1145209,18862
155,Colorado,11-25-2020,206439,2860
156,Connecticut,11-25-2020,107280,4881
157,Delaware,11-25-2020,32664,757
158,Florida,11-25-2020,953300,18157
159,Georgia,11-25-2020,454732,9221
160,Hawaii,11-25-2020,17656,233
161,Idaho,11-25-2020,94730,874
162,Illinois,11-25-2020,674089,12261
163,Indiana,11-25-2020,306538,5435
164,Iowa,11-25-2020,217784,2270
165,Kansas,11-25-2020,145129,1456
166,Kentucky,11-25-2020,162838,1809
167,Louisiana,11-25-2020,224403,6323
168,Maine,11-25-2020,10799,189
169,Maryland,11-25-2020,185464,4481
170,Massachusetts,11-25-2020,211199,10551
171,Michigan,11-25-2020,347746,9094
172,Minnesota,11-25-2020,282916,3359
173,Mississippi,11-25-2020,144544,3729
174,Missouri,11-25-2020,284612,3769
175,Montana,11-25-2020,57504,630
176,Nebraska,11-25-2020,115921,934
177,Nevada,11-25-2020,139098,2047
178,New Hampshire,11-25-2020,18444,513
179,New Jersey,11-25-2020,313863,16819
180,New Mexico,11-25-2020,86247,1428
181,New York,11-25-2020,607001,34362
182,North Carolina,11-25-2020,342294,5074
183,North Dakota,11-25-2020,74401,889
184,Ohio,11-25-2020,371840,6100
185,Oklahoma,11-25-2020,180610,1664
186,Oregon,11-25-2020,67333,847
187,Pennsylvania,11-25-2020,326513,9924
188,Rhode Island,11-25-2020,51424,1325
189,South Carolina,11-25-2020,209230,4313
190,South Dakota,11-25-2020,74859,821
191,Tennessee,11-25-2020,345916,4372
192,Texas,11-25-2020,1181533,21245
193,Utah,11-25-2020,182121,808
194,Vermont,11-25-2020,3762,64
195,Virginia,11-25-2020,223582,3979
196,Washington,11-25-2020,151019,2690
197,West Virginia,11-25-2020,42083,682
198,Wisconsin,11-25-2020,386441,3272
199,Wyoming,11-25-2020,29959,202
200,Alabama,11-26-2020,239318,3532
201,Alaska,11-26-2020,29543,116
202,Arizona,11-26-2020,310850,6524
203,Arkansas,11-26-2020,150277,2425
204,California,11-26-2020,1160940,18968
205,Colorado,11-26-2020,210630,2906
206,Connecticut,11-26-2020,109152,4926
207,Delaware,11-26-2020,32995,760
208,Florida,11-26-2020,961676,18254
209,Georgia,11-26-2020,457909,9297
210,Hawaii,11-26-2020,17764,235
211,Idaho,11-26-2020,96503,895
212,Illinois,11-26-2020,685467,12439
213,Indiana,11-26-2020,312521,5498
214,Iowa,11-26-2020,221286,2312
215,Kansas,11-26-2020,150292,1503
216,Kentucky,11-26-2020,166139,1835
217,Louisiana,11-26-2020,225638,6350
218,Maine,11-26-2020,11027,190
219,Maryland,11-26-2020,188161,4518
220,Massachusetts,11-26-2020,214594,10604
221,Michigan,11-26-2020,352433,9170
222,Minnesota,11-26-2020,289303,3434
223,Mississippi,11-26-2020,145636,3745
224,Missouri,11-26-2020,289002,3802
225,Montana,11-26-2020,58565,652
226,Nebraska,11-26-2020,117682,950
227,Nevada,11-26-2020,142240,2071
228,New Hampshire,11-26-2020,18846,514
229,New Jersey,11-26-2020,317905,16886
230,New Mexico,11-26-2020,88102,1451
231,New York,11-26-2020,613266,34388
232,North Carolina,11-26-2020,346506,5138
233,North Dakota,11-26-2020,75478,893
234,Ohio,11-26-2020,382743,6274
235,Oklahoma,11-26-2020,184342,1680
236,Oregon,11-26-2020,68503,867
237,Pennsylvania,11-26-2020,333465,10070
238,Rhode Island,11-26-2020,52317,1335
239,South Carolina,11-26-2020,210905,4317
240,South Dakota,11-26-2020,76142,849
241,Tennessee,11-26-2020,347972,4466
242,Texas,11-26-2020,1196711,21454
243,Utah,11-26-2020,183902,834
244,Vermont,11-26-2020,3827,64
245,Virginia,11-26-2020,226300,4008
246,Washington,11-26-2020,153906,2704
247,West Virginia,11-26-2020,43050,695
248,Wisconsin,11-26-2020,392438,3343
249,Wyoming,11-26-2020,30761,215
250,Alabama,11-27-2020,241957,3572
251,Alaska,11-27-2020,30102,119
252,Arizona,11-27-2020,314324,6568
253,Arkansas,11-27-2020,152625,2436
254,California,11-27-2020,1171802,19025
255,Colorado,11-27-2020,216683,2957
256,Connecticut,11-27-2020,109152,4926
257,Delaware,11-27-2020,33579,761
258,Florida,11-27-2020,961676,18254
259,Georgia,11-27-2020,461517,9336
260,Hawaii,11-27-2020,17881,237
261,Idaho,11-27-2020,96503,895
262,Illinois,11-27-2020,697489,12594
263,Indiana,11-27-2020,318894,5561
264,Iowa,11-27-2020,223323,2349
265,Kansas,11-27-2020,150647,1503
266,Kentucky,11-27-2020,166139,1835
267,Louisiana,11-27-2020,225638,6350
268,Maine,11-27-2020,11265,190
269,Maryland,11-27-2020,190480,4547
270,Massachusetts,11-27-2020,214594,10604
271,Michigan,11-27-2020,352433,9170
272,Minnesota,11-27-2020,289303,3434
273,Mississippi,11-27-2020,147382,3763
274,Missouri,11-27-2020,293496,3835
275,Montana,11-27-2020,59682,658
276,Nebraska,11-27-2020,122952,982
277,Nevada,11-27-2020,144781,2093
278,New Hampshire,11-27-2020,18846,514
279,New Jersey,11-27-2020,322378,16925
280,New Mexico,11-27-2020,89796,1469
281,New York,11-27-2020,620199,34443
282,North Carolina,11-27-2020,346506,5138
283,North Dakota,11-27-2020,76442,903
284,Ohio,11-27-2020,382743,6274
285,Oklahoma,11-27-2020,184342,1680
286,Oregon,11-27-2020,68503,867
287,Pennsylvania,11-27-2020,340642,10172
288,Rhode Island,11-27-2020,52317,1335
289,South Carolina,11-27-2020,210905,4317
290,South Dakota,11-27-2020,76142,849
291,Tennessee,11-27-2020,352376,4519
292,Texas,11-27-2020,1202804,21639
293,Utah,11-27-2020,183902,834
294,Vermont,11-27-2020,3827,64
295,Virginia,11-27-2020,228900,4029
296,Washington,11-27-2020,153906,2704
297,West Virginia,11-27-2020,44180,712
298,Wisconsin,11-27-2020,398104,3415
299,Wyoming,11-27-2020,30761,215
300,Alabama,11-28-2020,242874,3572
301,Alaska,11-28-2020,30776,119
302,Arizona,11-28-2020,318638,6588
303,Arkansas,11-28-2020,153677,2436
304,California,11-28-2020,1185576,19089
305,Colorado,11-28-2020,220953,2977
306,Connecticut,11-28-2020,112581,4961
307,Delaware,11-28-2020,34170,763
308,Florida,11-28-2020,979020,18363
309,Georgia,11-28-2020,464526,9380
310,Hawaii,11-28-2020,18006,240
311,Idaho,11-28-2020,98500,909
312,Illinois,11-28-2020,705063,12685
313,Indiana,11-28-2020,324537,5594
314,Iowa,11-28-2020,225056,2360
315,Kansas,11-28-2020,155411,1529
316,Kentucky,11-28-2020,171755,1871
317,Louisiana,11-28-2020,230602,6391
318,Maine,11-28-2020,11265,190
319,Maryland,11-28-2020,192858,4569
320,Massachusetts,11-28-2020,219252,10635
321,Michigan,11-28-2020,369801,9357
322,Minnesota,11-28-2020,295001,3535
323,Mississippi,11-28-2020,148387,3769
324,Missouri,11-28-2020,296665,3836
325,Montana,11-28-2020,59796,657
326,Nebraska,11-28-2020,124066,984
327,Nevada,11-28-2020,146317,2095
328,New Hampshire,11-28-2020,19323,517
329,New Jersey,11-28-2020,326473,16942
330,New Mexico,11-28-2020,91852,1504
331,New York,11-28-2020,628375,34477
332,North Carolina,11-28-2020,354514,5210
333,North Dakota,11-28-2020,77232,908
334,Ohio,11-28-2020,399808,6346
335,Oklahoma,11-28-2020,187567,1704
336,Oregon,11-28-2020,70832,885
337,Pennsylvania,11-28-2020,349238,10195
338,Rhode Island,11-28-2020,53954,1346
339,South Carolina,11-28-2020,213120,4346
340,South Dakota,11-28-2020,78280,888
341,Tennessee,11-28-2020,356716,4526
342,Texas,11-28-2020,1207243,21693
343,Utah,11-28-2020,190044,849
344,Vermont,11-28-2020,4005,67
345,Virginia,11-28-2020,230444,4044
346,Washington,11-28-2020,158167,2703
347,West Virginia,11-28-2020,45046,712
348,Wisconsin,11-28-2020,399526,3434
349,Wyoming,11-28-2020,31773,215
350,Alabama,11-29-2020,244993,3572
351,Alaska,11-29-2020,31444,121
352,Arizona,11-29-2020,322774,6624
353,Arkansas,11-29-2020,155026,2449
354,California,11-29-2020,1200624,19116
355,Colorado,11-29-2020,225283,2983
356,Connecticut,11-29-2020,112581,4961
357,Delaware,11-29-2020,34670,763
358,Florida,11-29-2020,985297,18442
359,Georgia,11-29-2020,467564,9424
360,Hawaii,11-29-2020,18082,240
361,Idaho,11-29-2020,99660,913
362,Illinois,11-29-2020,712936,12838
363,Indiana,11-29-2020,329008,5663
364,Iowa,11-29-2020,227179,2375
365,Kansas,11-29-2020,155500,1529
366,Kentucky,11-29-2020,174182,1885
367,Louisiana,11-29-2020,230602,6391
368,Maine,11-29-2020,11288,191
369,Maryland,11-29-2020,194448,4602
370,Massachusetts,11-29-2020,222469,10676
371,Michigan,11-29-2020,378152,9467
372,Minnesota,11-29-2020,304023,3580
373,Mississippi,11-29-2020,149940,3779
374,Missouri,11-29-2020,299095,3844
375,Montana,11-29-2020,60845,669
376,Nebraska,11-29-2020,125323,989
377,Nevada,11-29-2020,149229,2119
378,New Hampshire,11-29-2020,20025,523
379,New Jersey,11-29-2020,329553,16965
380,New Mexico,11-29-2020,93982,1527
381,New York,11-29-2020,634438,34514
382,North Carolina,11-29-2020,357958,5219
383,North Dakota,11-29-2020,77935,921
384,Ohio,11-29-2020,406703,6378
385,Oklahoma,11-29-2020,193824,1717
386,Oregon,11-29-2020,72506,896
387,Pennsylvania,11-29-2020,355945,10234
388,Rhode Island,11-29-2020,53954,1346
389,South Carolina,11-29-2020,214911,4346
390,South Dakota,11-29-2020,79099,942
391,Tennessee,11-29-2020,363466,4541
392,Texas,11-29-2020,1213577,21788
393,Utah,11-29-2020,192087,863
394,Vermont,11-29-2020,4033,67
395,Virginia,11-29-2020,233617,4054
396,Washington,11-29-2020,160634,2703
397,West Virginia,11-29-2020,45845,718
398,Wisconsin,11-29-2020,404999,3464
399,Wyoming,11-29-2020,31928,215
400,Alabama,11-30-2020,247229,3577
401,Alaska,11-30-2020,32065,121
402,Arizona,11-30-2020,325995,6634
403,Arkansas,11-30-2020,156247,2470
404,California,11-30-2020,1215455,19151
405,Colorado,11-30-2020,228772,3003
406,Connecticut,11-30-2020,112581,4961
407,Delaware,11-30-2020,35251,770
408,Florida,11-30-2020,992660,18500
409,Georgia,11-30-2020,469516,9442
410,Hawaii,11-30-2020,18138,244
411,Idaho,11-30-2020,100484,920
412,Illinois,11-30-2020,720114,12882
413,Indiana,11-30-2020,333312,5685
414,Iowa,11-30-2020,228690,2399
415,Kansas,11-30-2020,155500,1529
416,Kentucky,11-30-2020,176925,1896
417,Louisiana,11-30-2020,232245,6407
418,Maine,11-30-2020,11508,191
419,Maryland,11-30-2020,196447,4625
420,Massachusetts,11-30-2020,224964,10722
421,Michigan,11-30-2020,378152,9467
422,Minnesota,11-30-2020,312969,3637
423,Mississippi,11-30-2020,151785,3806
424,Missouri,11-30-2020,302409,3850
425,Montana,11-30-2020,61801,671
426,Nebraska,11-30-2020,126466,989
427,Nevada,11-30-2020,150527,2136
428,New Hampshire,11-30-2020,20516,526
429,New Jersey,11-30-2020,334114,16978
430,New Mexico,11-30-2020,95417,1540
431,New York,11-30-2020,641161,34561
432,North Carolina,11-30-2020,361778,5240
433,North Dakota,11-30-2020,78658,926
434,Ohio,11-30-2020,414432,6399
435,Oklahoma,11-30-2020,195545,1736
436,Oregon,11-30-2020,74119,905
437,Pennsylvania,11-30-2020,360944,10297
438,Rhode Island,11-30-2020,53954,1346
439,South Carolina,11-30-2020,216129,4353
440,South Dakota,11-30-2020,79900,943
441,Tennessee,11-30-2020,366518,4554
442,Texas,11-30-2020,1225118,21843
443,Utah,11-30-2020,193809,868
444,Vermont,11-30-2020,4100,67
445,Virginia,11-30-2020,235942,4058
446,Washington,11-30-2020,162700,2703
447,West Virginia,11-30-2020,46997,729
448,Wisconsin,11-30-2020,409054,3487
449,Wyoming,11-30-2020,32489,215
450,Alabama,12-01-2020,249524,3578
451,Alaska,12-01-2020,32576,121
452,Arizona,12-01-2020,326817,6639
453,Arkansas,12-01-2020,157359,2502
454,California,12-01-2020,1230264,19173
455,Colorado,12-01-2020,232905,3037
456,Connecticut,12-01-2020,117295,5020
457,Delaware,12-01-2020,35654,772
458,Florida,12-01-2020,999319,18597
459,Georgia,12-01-2020,471563,9452
460,Hawaii,12-01-2020,18223,244
461,Idaho,12-01-2020,101698,929
462,Illinois,12-01-2020,726304,12985
463,Indiana,12-01-2020,338977,5723
464,Iowa,12-01-2020,230631,2426
465,Kansas,12-01-2020,159915,1560
466,Kentucky,12-01-2020,179041,1908
467,Louisiana,12-01-2020,232414,6420
468,Maine,12-01-2020,11757,194
469,Maryland,12-01-2020,198370,4641
470,Massachusetts,12-01-2020,226132,10748
471,Michigan,12-01-2020,388942,9564
472,Minnesota,12-01-2020,318763,3652
473,Mississippi,12-01-2020,153270,3807
474,Missouri,12-01-2020,306206,3861
475,Montana,12-01-2020,62198,681
476,Nebraska,12-01-2020,128407,1018
477,Nevada,12-01-2020,152171,2144
478,New Hampshire,12-01-2020,21030,526
479,New Jersey,12-01-2020,337304,16993
480,New Mexico,12-01-2020,97095,1568
481,New York,12-01-2020,647980,34605
482,North Carolina,12-01-2020,364512,5261
483,North Dakota,12-01-2020,79252,933
484,Ohio,12-01-2020,421063,6429
485,Oklahoma,12-01-2020,197745,1743
486,Oregon,12-01-2020,75431,912
487,Pennsylvania,12-01-2020,366835,10335
488,Rhode Island,12-01-2020,56723,1373
489,South Carolina,12-01-2020,217487,4381
490,South Dakota,12-01-2020,80464,946
491,Tennessee,12-01-2020,374493,4602
492,Texas,12-01-2020,1238752,21896
493,Utah,12-01-2020,195706,871
494,Vermont,12-01-2020,4172,69
495,Virginia,12-01-2020,237835,4062
496,Washington,12-01-2020,165019,2774
497,West Virginia,12-01-2020,47842,735
498,Wisconsin,12-01-2020,411730,3494
499,Wyoming,12-01-2020,33305,215
500,Alabama,12-02-2020,252900,3638
501,Alaska,12-02-2020,33115,122
502,Arizona,12-02-2020,337139,6687
503,Arkansas,12-02-2020,159309,2512
504,California,12-02-2020,1246042,19304
505,Colorado,12-02-2020,237310,3109
506,Connecticut,12-02-2020,118754,5040
507,Delaware,12-02-2020,36343,777
508,Florida,12-02-2020,1008166,18679
509,Georgia,12-02-2020,476405,9515
510,Hawaii,12-02-2020,18266,244
511,Idaho,12-02-2020,103305,960
512,Illinois,12-02-2020,738846,13131
513,Indiana,12-02-2020,344373,5864
514,Iowa,12-02-2020,233062,2449
515,Kansas,12-02-2020,160233,1560
516,Kentucky,12-02-2020,183164,1943
517,Louisiana,12-02-2020,237740,6455
518,Maine,12-02-2020,11981,214
519,Maryland,12-02-2020,201135,4673
520,Massachusetts,12-02-2020,229205,10778
521,Michigan,12-02-2020,395453,9759
522,Minnesota,12-02-2020,322312,3674
523,Mississippi,12-02-2020,154411,3836
524,Missouri,12-02-2020,309169,4026
525,Montana,12-02-2020,63205,698
526,Nebraska,12-02-2020,130194,1080
527,Nevada,12-02-2020,154842,2164
528,New Hampshire,12-02-2020,21802,528
529,New Jersey,12-02-2020,341910,17083
530,New Mexico,12-02-2020,99419,1589
531,New York,12-02-2020,655265,34662
532,North Carolina,12-02-2020,367395,5284
533,North Dakota,12-02-2020,79655,960
534,Ohio,12-02-2020,430093,6548
535,Oklahoma,12-02-2020,199482,1758
536,Oregon,12-02-2020,76654,936
537,Pennsylvania,12-02-2020,372530,10504
538,Rhode Island,12-02-2020,57906,1380
539,South Carolina,12-02-2020,218912,4404
540,South Dakota,12-02-2020,80912,948
541,Tennessee,12-02-2020,380186,4638
542,Texas,12-02-2020,1250934,22114
543,Utah,12-02-2020,198216,890
544,Vermont,12-02-2020,4239,72
545,Virginia,12-02-2020,240063,4093
546,Washington,12-02-2020,167216,2805
547,West Virginia,12-02-2020,48818,758
548,Wisconsin,12-02-2020,416365,3611
549,Wyoming,12-02-2020,33805,239
550,Alabama,12-03-2020,256828,3711
551,Alaska,12-03-2020,33802,122
552,Arizona,12-03-2020,340979,6739
553,Arkansas,12-03-2020,161521,2522
554,California,12-03-2020,1265182,19410
555,Colorado,12-03-2020,241172,3193
556,Connecticut,12-03-2020,121426,5091
557,Delaware,12-03-2020,36698,779
558,Florida,12-03-2020,1018160,18776
559,Georgia,12-03-2020,482139,9567
560,Hawaii,12-03-2020,18342,244
561,Idaho,12-03-2020,104734,991
562,Illinois,12-03-2020,748603,13397
563,Indiana,12-03-2020,350970,5973
564,Iowa,12-03-2020,236159,2518
565,Kansas,12-03-2020,164855,1679
566,Kentucky,12-03-2020,186765,1943
567,Louisiana,12-03-2020,241335,6501
568,Maine,12-03-2020,12208,218
569,Maryland,12-03-2020,203355,4715
570,Massachusetts,12-03-2020,234232,10824
571,Michigan,12-03-2020,402886,9842
572,Minnesota,12-03-2020,327477,3751
573,Mississippi,12-03-2020,156868,3851
574,Missouri,12-03-2020,312046,4077
575,Montana,12-03-2020,64340,713
576,Nebraska,12-03-2020,132530,1128
577,Nevada,12-03-2020,156997,2202
578,New Hampshire,12-03-2020,22368,537
579,New Jersey,12-03-2020,346206,17145
580,New Mexico,12-03-2020,100963,1629
581,New York,12-03-2020,664238,34718
582,North Carolina,12-03-2020,371594,5366
583,North Dakota,12-03-2020,80135,972
584,Ohio,12-03-2020,437928,6671
585,Oklahoma,12-03-2020,202341,1812
586,Oregon,12-03-2020,78160,953
587,Pennsylvania,12-03-2020,380951,10676
588,Rhode Island,12-03-2020,59005,1391
589,South Carolina,12-03-2020,220835,4444
590,South Dakota,12-03-2020,82203,995
591,Tennessee,12-03-2020,384285,4688
592,Texas,12-03-2020,1268946,22335
593,Utah,12-03-2020,202220,906
594,Vermont,12-03-2020,4461,74
595,Virginia,12-03-2020,242480,4113
596,Washington,12-03-2020,170342,2850
597,West Virginia,12-03-2020,49905,778
598,Wisconsin,12-03-2020,420930,3703
599,Wyoming,12-03-2020,34491,239
600,Alabama,12-04-2020,260359,3776
601,Alaska,12-04-2020,34563,130
602,Arizona,12-04-2020,346421,6821
603,Arkansas,12-04-2020,164310,2555
604,California,12-04-2020,1286550,19553
605,Colorado,12-04-2020,247209,3320
606,Connecticut,12-04-2020,126177,5111
607,Delaware,12-04-2020,37456,779
608,Florida,12-04-2020,1029030,18874
609,Georgia,12-04-2020,487978,9648
610,Hawaii,12-04-2020,18484,246
611,Idaho,12-04-2020,106455,1014
612,Illinois,12-04-2020,759562,13624
613,Indiana,12-04-2020,359430,6033
614,Iowa,12-04-2020,238724,2603
615,Kansas,12-04-2020,165156,1679
616,Kentucky,12-04-2020,190600,2014
617,Louisiana,12-04-2020,244078,6524
618,Maine,12-04-2020,12554,220
619,Maryland,12-04-2020,205399,4764
620,Massachusetts,12-04-2020,240907,10874
621,Michigan,12-04-2020,410843,10035
622,Minnesota,12-04-2020,333626,3843
623,Mississippi,12-04-2020,159036,3879
624,Missouri,12-04-2020,316235,4141
625,Montana,12-04-2020,65122,722
626,Nebraska,12-04-2020,134710,1159
627,Nevada,12-04-2020,159532,2250
628,New Hampshire,12-04-2020,22993,544
629,New Jersey,12-04-2020,350999,17209
630,New Mexico,12-04-2020,102862,1673
631,New York,12-04-2020,674093,34775
632,North Carolina,12-04-2020,377231,5410
633,North Dakota,12-04-2020,81105,983
634,Ohio,12-04-2020,446849,6753
635,Oklahoma,12-04-2020,204048,1836
636,Oregon,12-04-2020,79293,973
637,Pennsylvania,12-04-2020,392434,10871
638,Rhode Island,12-04-2020,60722,1400
639,South Carolina,12-04-2020,223063,4466
640,South Dakota,12-04-2020,83348,1033
641,Tennessee,12-04-2020,388252,4781
642,Texas,12-04-2020,1286369,22573
643,Utah,12-04-2020,206165,917
644,Vermont,12-04-2020,4642,75
645,Virginia,12-04-2020,244503,4147
646,Washington,12-04-2020,172437,2900
647,West Virginia,12-04-2020,51025,789
648,Wisconsin,12-04-2020,426534,3773
649,Wyoming,12-04-2020,35046,266
650,Alabama,12-05-2020,264199,3831
651,Alaska,12-05-2020,35325,142
652,Arizona,12-05-2020,352101,6885
653,Arkansas,12-05-2020,167137,2586
654,California,12-05-2020,1310307,19734
655,Colorado,12-05-2020,252222,3338
656,Connecticut,12-05-2020,127715,5146
657,Delaware,12-05-2020,38398,782
658,Florida,12-05-2020,1039207,18994
659,Georgia,12-05-2020,494354,9725
660,Hawaii,12-05-2020,18605,256
661,Idaho,12-05-2020,108366,1032
662,Illinois,12-05-2020,770088,13782
663,Indiana,12-05-2020,367329,6122
664,Iowa,12-05-2020,241531,2665
665,Kansas,12-05-2020,171146,1786
666,Kentucky,12-05-2020,194192,2039
667,Louisiana,12-05-2020,247177,6548
668,Maine,12-05-2020,12844,224
669,Maryland,12-05-2020,209191,4790
670,Massachusetts,12-05-2020,246398,10910
671,Michigan,12-05-2020,420268,10117
672,Minnesota,12-05-2020,338973,3904
673,Mississippi,12-05-2020,161516,3916
674,Missouri,12-05-2020,320472,4216
675,Montana,12-05-2020,66436,727
676,Nebraska,12-05-2020,136325,1186
677,Nevada,12-05-2020,162434,2272
678,New Hampshire,12-05-2020,23775,552
679,New Jersey,12-05-2020,356662,17255
680,New Mexico,12-05-2020,104935,1706
681,New York,12-05-2020,685364,34830
682,North Carolina,12-05-2020,382534,5467
683,North Dakota,12-05-2020,81949,995
684,Ohio,12-05-2020,456963,6882
685,Oklahoma,12-05-2020,208875,1860
686,Oregon,12-05-2020,81437,1003
687,Pennsylvania,12-05-2020,404521,11052
688,Rhode Island,12-05-2020,62137,1413
689,South Carolina,12-05-2020,226013,4496
690,South Dakota,12-05-2020,84398,1064
691,Tennessee,12-05-2020,392608,4876
692,Texas,12-05-2020,1299469,22825
693,Utah,12-05-2020,209170,925
694,Vermont,12-05-2020,4763,77
695,Virginia,12-05-2020,247380,4160
696,Washington,12-05-2020,174290,2925
697,West Virginia,12-05-2020,52172,799
698,Wisconsin,12-05-2020,432207,3842
699,Wyoming,12-05-2020,35677,266
700,Alabama,12-06-2020,267589,3877
701,Alaska,12-06-2020,36271,143
702,Arizona,12-06-2020,358900,6925
703,Arkansas,12-06-2020,169382,2620
704,California,12-06-2020,1337941,19870
705,Colorado,12-06-2020,257347,3357
706,Connecticut,12-06-2020,127715,5146
707,Delaware,12-06-2020,39096,782
708,Florida,12-06-2020,1049638,19084
709,Georgia,12-06-2020,499371,9793
710,Hawaii,12-06-2020,18738,261
711,Idaho,12-06-2020,109705,1032
712,Illinois,12-06-2020,779975,14016
713,Indiana,12-06-2020,375019,6207
714,Iowa,12-06-2020,243385,2682
715,Kansas,12-06-2020,171363,1786
716,Kentucky,12-06-2020,198064,2062
717,Louisiana,12-06-2020,247177,6548
718,Maine,12-06-2020,13127,227
719,Maryland,12-06-2020,212384,4820
720,Massachusetts,12-06-2020,252017,10953
721,Michigan,12-06-2020,426576,10321
722,Minnesota,12-06-2020,345281,3979
723,Mississippi,12-06-2020,163458,3949
724,Missouri,12-06-2020,325588,4276
725,Montana,12-06-2020,67069,734
726,Nebraska,12-06-2020,138568,1194
727,Nevada,12-06-2020,165628,2301
728,New Hampshire,12-06-2020,24232,559
729,New Jersey,12-06-2020,361986,17306
730,New Mexico,12-06-2020,106856,1738
731,New York,12-06-2020,696125,34900
732,North Carolina,12-06-2020,388552,5516
733,North Dakota,12-06-2020,82504,1013
734,Ohio,12-06-2020,467432,6946
735,Oklahoma,12-06-2020,213245,1874
736,Oregon,12-06-2020,83243,1027
737,Pennsylvania,12-06-2020,415635,11191
738,Rhode Island,12-06-2020,62137,1413
739,South Carolina,12-06-2020,229235,4517
740,South Dakota,12-06-2020,85304,1091
741,Tennessee,12-06-2020,397522,4905
742,Texas,12-06-2020,1311643,23055
743,Utah,12-06-2020,212844,939
744,Vermont,12-06-2020,4894,79
745,Virginia,12-06-2020,251173,4197
746,Washington,12-06-2020,175793,2925
747,West Virginia,12-06-2020,53572,829
748,Wisconsin,12-06-2020,437918,3934
749,Wyoming,12-06-2020,35866,266