ForecastID,Province_State,Confirmed,Deaths
0,Alabama,127362.6301,2203.308434
1,Alaska,5317.796621,37.50201846
2,Arizona,202254.6597,5037.765464
3,Arkansas,61799.78145,810.0071152
4,California,717095.2313,13093.28534
5,Colorado,57670.77827,1945.600982
6,Connecticut,52901.26823,4465.5
7,Delaware,17499.47183,605.5
8,Florida,625435.3322,11331.47152
9,Georgia,272441.0129,5718.159976
10,Hawaii,8622,72
11,Idaho,32352.98904,366.0532106
12,Illinois,238593.0839,8256.466175
13,Indiana,95156.24485,3298.495868
14,Iowa,65750.542,1129.7385
15,Kansas,43035.10083,453.7706469
16,Kentucky,48810.33639,938.8704142
17,Louisiana,149048.7635,4976.191029
18,Maine,4548.759895,132.5
19,Maryland,108761.2458,3761.756863
20,Massachusetts,128795.4212,9071.586333
21,Michigan,113732.2104,6771.097644
22,Minnesota,76605.50322,1872.32796
23,Mississippi,83511.11522,2500.655801
24,Missouri,86876.05691,1554.026979
25,Montana,7527.011505,105.5472593
26,Nebraska,34570.3888,399.7539217
27,Nevada,69695.10528,1306.753509
28,New Hampshire,7291.50664,432.5
29,New Jersey,192215.7609,15945.5
30,New Mexico,25469.89509,782.9970057
31,New York,435367.4877,33005.10169
32,North Carolina,168890.2238,2725.066091
33,North Dakota,11994.95103,144.2441833
34,Ohio,124178.8383,4139.5
35,Oklahoma,59442.62049,806.3033945
36,Oregon,26961.40954,463.8628345
37,Pennsylvania,139431.5981,7672.78384
38,Rhode Island,22016.86813,1048.711709
39,South Carolina,119938.6502,2748.161594
40,South Dakota,13763.31238,168.1607799
41,Tennessee,156433.1282,1767.17846
42,Texas,636767.3727,12926.21067
43,Utah,52442.67272,407.5
44,Vermont,1632.568593,58
45,Virginia,121550.5631,2588.125687
46,Washington,75168.66444,1922.913578
47,West Virginia,10381.93822,219.5748334
48,Wisconsin,76178.23365,1126.947377
49,Wyoming,3886.980823,37.5
50,Alabama,128647.871,2226.098697
51,Alaska,5380.494865,38.00201846
52,Arizona,202669.4088,5047.541108
53,Arkansas,62391.22107,823.0940035
54,California,722051.311,13169.12264
55,Colorado,57935.61487,1946.100982
56,Connecticut,53015.87248,4466
57,Delaware,17570.73791,606
58,Florida,627398.2813,11613.22744
59,Georgia,274068.4966,5790.999656
60,Hawaii,8772,74
61,Idaho,32615.04686,371.9733675
62,Illinois,240321.7959,8280.974539
63,Indiana,96127.77136,3300.308023
64,Iowa,66392.83051,1138.323453
65,Kansas,43673.3535,459.3594822
66,Kentucky,49438.16218,951.4010578
67,Louisiana,149716.5313,5000.925254
68,Maine,4569.849106,133
69,Maryland,109279.9861,3767.019427
70,Massachusetts,129041.8521,9086.348633
71,Michigan,114443.1414,6785.744228
72,Minnesota,77337.69554,1878.13915
73,Mississippi,84138.9165,2531.0778
74,Missouri,88148.48206,1568.826238
75,Montana,7643.278415,108.7326172
76,Nebraska,34859.88636,403.7447208
77,Nevada,70162.12198,1308.985614
78,New Hampshire,7309.162836,433
79,New Jersey,192484.0381,15946
80,New Mexico,25580.76443,787.3353314
81,New York,435935.0108,33050.79052
82,North Carolina,170462.1276,2748.615109
83,North Dakota,12199.31944,146.7472612
84,Ohio,125219.6659,4149.863877
85,Oklahoma,60183.22966,814.0260184
86,Oregon,27200.82007,468.9145463
87,Pennsylvania,140061.9801,7682.699739
88,Rhode Island,22106.30001,1049.278263
89,South Carolina,120879.8321,2778.562332
90,South Dakota,14032.81913,170.7206814
91,Tennessee,157949.8526,1777.881375
92,Texas,639735.0114,13104.74874
93,Utah,52804.86529,408.525
94,Vermont,1641.045348,58
95,Virginia,122533.2279,2597.094597
96,Washington,75650.70375,1930.933771
97,West Virginia,10516.28937,223.5393977
98,Wisconsin,76908.61145,1131.963943
99,Wyoming,3922.657923,38
100,Alabama,129942.5389,2249.0665
101,Alaska,5442.40575,38.50201846
102,Arizona,203086.046,5060.623048
103,Arkansas,62986.96663,836.2645271
104,California,725996.9331,13243.52267
105,Colorado,58200.05945,1946.600982
106,Connecticut,53097.20418,4466.5
107,Delaware,17641.22498,606.5
108,Florida,629368.3165,11810.40436
109,Georgia,275959.9039,5863.892418
110,Hawaii,8922,76
111,Idaho,32881.58416,378.030843
112,Illinois,242285.8951,8299.268348
113,Indiana,97103.77465,3301.716902
114,Iowa,67050.08148,1147.488426
115,Kansas,44217.71769,464.9218218
116,Kentucky,50051.0273,963.9823546
117,Louisiana,150454.2799,5025.541031
118,Maine,4591.270119,133.5
119,Maryland,109798.6373,3772.37408
120,Massachusetts,129275.9846,9099.281343
121,Michigan,115152.8232,6803.911096
122,Minnesota,78112.48879,1883.95936
123,Mississippi,84784.11396,2561.376791
124,Missouri,89436.41619,1583.52891
125,Montana,7764.066859,111.935952
126,Nebraska,35151.302,407.2633625
127,Nevada,70631.60375,1320.258588
128,New Hampshire,7325.910722,433.5
129,New Jersey,192714.2894,15950.51898
130,New Mexico,25692.99449,791.6462072
131,New York,436458.4109,33103.04923
132,North Carolina,172044.1645,2772.232201
133,North Dakota,12414.14509,149.2624999
134,Ohio,126265.242,4154.864932
135,Oklahoma,60936.19661,822.136112
136,Oregon,27442.81646,473.9855887
137,Pennsylvania,140686.9762,7696.494087
138,Rhode Island,22191.41443,1049.778263
139,South Carolina,121827.2807,2809.15914
140,South Dakota,14306.42257,173.2983701
141,Tennessee,159475.86,1799.416405
142,Texas,644020.678,13278.73059
143,Utah,53176.48567,409.6016044
144,Vermont,1649.517449,58
145,Virginia,123519.6151,2605.83322
146,Washington,76148.41598,1938.877375
147,West Virginia,10651.30825,227.6300244
148,Wisconsin,77593.34034,1136.94777
149,Wyoming,3958.646516,38.5
150,Alabama,131244.9759,2272.154379
151,Alaska,5504.900054,39.00201846
152,Arizona,203504.3969,5072.323438
153,Arkansas,63586.34671,849.5189607
154,California,730553.7434,13318.44947
155,Colorado,58464.0754,1947.100982
156,Connecticut,53180.01485,4467
157,Delaware,17711.08463,607
158,Florida,631344.442,11990.21814
159,Georgia,277879.1249,5953.345702
160,Hawaii,9072,78
161,Idaho,33149.07498,384.1378486
162,Illinois,244230.032,8312.591937
163,Indiana,98083.55279,3302.81613
164,Iowa,67715.47432,1156.461227
165,Kansas,44813.28773,470.4551746
166,Kentucky,50669.01697,976.5549786
167,Louisiana,151169.2842,5049.831115
168,Maine,4612.732943,134
169,Maryland,110316.2926,3777.341646
170,Massachusetts,129498.3543,9110.27835
171,Michigan,115861.1387,6822.168549
172,Minnesota,78883.8065,1889.741219
173,Mississippi,85435.68421,2591.934515
174,Missouri,90734.69311,1598.148736
175,Montana,7887.148769,115.1572502
176,Nebraska,35444.15175,411.0239986
177,Nevada,71103.50582,1332.561409
178,New Hampshire,7342.500852,434
179,New Jersey,192930.6755,15954.94948
180,New Mexico,25805.32688,795.9550783
181,New York,436937.8101,33155.21687
182,North Carolina,173635.4107,2795.903488
183,North Dakota,12633.76691,151.7833955
184,Ohio,127314.228,4162.004819
185,Oklahoma,61696.15073,830.3596178
186,Oregon,27686.03401,479.0746472
187,Pennsylvania,141306.6254,7711.137601
188,Rhode Island,22275.26152,1050.278263
189,South Carolina,122780.5104,2839.928412
190,South Dakota,14581.76034,175.880575
191,Tennessee,161011.3062,1822.451205
192,Texas,648373.0143,13433.97229
193,Utah,53552.33101,410.707556
194,Vermont,1657.973528,58
195,Virginia,124509.6309,2614.651571
196,Washington,76645.04157,1946.759628
197,West Virginia,10787.06081,231.7171673
198,Wisconsin,78375.98689,1141.896781
199,Wyoming,3994.795298,39
200,Alabama,132555.2764,2295.348651
201,Alaska,5570.590661,39.50201846
202,Arizona,203924.4684,5084.553288
203,Arkansas,64189.32122,862.8573843
204,California,733939.2011,13393.25879
205,Colorado,58727.66317,1947.600982
206,Connecticut,53254.69081,4467.5
207,Delaware,17780.3022,607.5
208,Florida,633326.7904,12202.88033
209,Georgia,279338.4223,6052.151969
210,Hawaii,9222,80
211,Idaho,33418.38158,390.27822
212,Illinois,246166.9765,8321.276823
213,Indiana,99067.03297,3303.627313
214,Iowa,68386.06757,1165.585835
215,Kansas,45388.94506,475.9596371
216,Kentucky,51290.36328,989.1111968
217,Louisiana,151894.8681,5073.82752
218,Maine,4634.153356,134.5
219,Maryland,110832.8257,3782.066949
220,Massachusetts,129709.0356,9120.972517
221,Michigan,116568.0872,6842.891298
222,Minnesota,79662.45418,1895.488947
223,Mississippi,86091.16165,2622.654234
224,Missouri,92041.62923,1612.68466
225,Montana,8011.658317,118.3965056
226,Nebraska,35738.3795,414.7020395
227,Nevada,71577.82786,1345.016938
228,New Hampshire,7358.65948,434.5
229,New Jersey,193121.6444,15959.13126
230,New Mexico,25917.95006,800.2601853
231,New York,437373.0703,33217.09843
232,North Carolina,175235.9075,2819.628372
233,North Dakota,12856.04282,154.3106479
234,Ohio,128366.4759,4189.323997
235,Oklahoma,62461.54356,838.6237427
236,Oregon,27930.63311,484.1817489
237,Pennsylvania,141920.9289,7719.329657
238,Rhode Island,22357.48201,1050.778263
239,South Carolina,123739.5417,2870.869149
240,South Dakota,14858.3302,178.4661379
241,Tennessee,162556.1876,1845.80078
242,Texas,651943.9657,13553.9281
243,Utah,53930.81774,411.8524518
244,Vermont,1666.41518,58
245,Virginia,125503.2743,2623.425183
246,Washington,77144.75373,1954.579205
247,West Virginia,10923.54154,235.8236341
248,Wisconsin,79132.36308,1146.811003
249,Wyoming,4031.118139,39.5
250,Alabama,133873.435,2318.646005
251,Alaska,5637.90538,40.00217336
252,Arizona,204346.2372,5096.533561
253,Arkansas,64795.88698,876.2798594
254,California,738159.732,13468.16196
255,Colorado,58990.82181,1948.100982
256,Connecticut,53323.8932,4468
257,Delaware,17848.87901,608
258,Florida,635315.4692,12260.98138
259,Georgia,280621.6134,6102.256106
260,Hawaii,9372,82
261,Idaho,33689.29247,396.4489738
262,Illinois,248040.8083,8329.887519
263,Indiana,100054.2076,3304.155434
264,Iowa,69060.59269,1174.78488
265,Kansas,45979.54994,481.4352058
266,Kentucky,51915.22033,1001.650156
267,Louisiana,152619.057,5097.525228
268,Maine,4655.506993,135
269,Maryland,111348.2199,3786.506263
270,Massachusetts,129908.0449,9131.922864
271,Michigan,117273.6706,6866.754374
272,Minnesota,80445.89874,1901.202126
273,Mississippi,86749.99175,2653.560458
274,Missouri,93356.67814,1627.138084
275,Montana,8137.259007,121.6537129
276,Nebraska,36033.97895,418.4450213
277,Nevada,72054.56999,1357.529008
278,New Hampshire,7374.486478,435
279,New Jersey,193292.7189,15963.63035
280,New Mexico,26030.83556,804.5616457
281,New York,437764.2623,33277.77914
282,North Carolina,176845.6566,2843.406598
283,North Dakota,13080.16235,156.8441732
284,Ohio,129421.9692,4205.900857
285,Oklahoma,63231.92835,846.9091523
286,Oregon,28176.59449,489.3068969
287,Pennsylvania,142529.8867,7721.414684
288,Rhode Island,22438.11854,1051.278263
289,South Carolina,124704.3725,2901.981207
290,South Dakota,15136.02597,181.0549972
291,Tennessee,164110.5022,1869.314644
292,Texas,654740.3642,13667.40475
293,Utah,54311.46367,413.0321501
294,Vermont,1674.842266,58
295,Virginia,126500.5442,2632.107533
296,Washington,77646.51187,1962.33617
297,West Virginia,11060.75119,239.9454209
298,Wisconsin,79950.71999,1151.690501
299,Wyoming,4067.613508,40
300,Alabama,135199.4494,2342.043716
301,Alaska,5706.171993,40.50636323
302,Arizona,204769.737,5108.581878
303,Arkansas,65406.04354,889.7864406
304,California,741915.9803,13543.08978
305,Colorado,59253.55113,1948.600982
306,Connecticut,53386.88686,4468.5
307,Delaware,17916.8149,608.5
308,Florida,637310.4707,12359.06124
309,Georgia,281822.6484,6157.616926
310,Hawaii,9522,84
311,Idaho,33961.85913,402.6495542
312,Illinois,249824.599,8338.402212
313,Indiana,101045.0757,3304.680434
314,Iowa,69738.50266,1184.017482
315,Kansas,46568.01354,486.8818815
316,Kentucky,52543.573,1014.171909
317,Louisiana,153346.1482,5120.92497
318,Maine,4676.78689,135.5
319,Maryland,111862.472,3790.672837
320,Massachusetts,130095.3825,9140.747724
321,Michigan,117977.8927,6887.294104
322,Minnesota,81234.73451,1906.880762
323,Mississippi,87412.05024,2684.646976
324,Missouri,94679.65939,1641.508253
325,Montana,8263.820033,124.9288677
326,Nebraska,36330.9493,422.1858819
327,Nevada,72533.73155,1370.086965
328,New Hampshire,7389.945425,435.5
329,New Jersey,193441.2582,15968.0608
330,New Mexico,26143.98747,808.8594481
331,New York,438111.3597,33358.47199
332,North Carolina,178464.6516,2867.237802
333,North Dakota,13305.81894,159.3839734
334,Ohio,130480.7061,4227.512924
335,Oklahoma,64007.17663,855.2107105
336,Oregon,28423.92022,494.4500947
337,Pennsylvania,143133.4992,7724.56627
338,Rhode Island,22517.16615,1051.778263
339,South Carolina,125675.0029,2933.26449
340,South Dakota,15414.82563,183.6472026
341,Tennessee,165674.2505,1892.9737
342,Texas,657509.372,13788.33613
343,Utah,54694.12199,414.2484347
344,Vermont,1683.254868,58
345,Virginia,127501.44,2640.684126
346,Washington,78150.57518,1970.03048
347,West Virginia,11198.68986,244.0832408
348,Wisconsin,80755.01014,1156.535346
349,Wyoming,4104.281356,40.5
350,Alabama,136533.319,2365.544587
351,Alaska,5775.103021,41.01442588
352,Arizona,205194.9469,5120.568773
353,Arkansas,66019.79048,903.3771744
354,California,745952.3858,13618.06485
355,Colorado,59515.85071,1949.100982
356,Connecticut,53443.87583,4469
357,Delaware,17984.10989,609
358,Florida,638881.7464,12585.74607
359,Georgia,283064.6681,6245.538611
360,Hawaii,9672,86
361,Idaho,34236.06891,408.8798525
362,Illinois,251567.7263,8353.533302
363,Indiana,102039.6369,3305.205434
364,Iowa,70419.56151,1193.301854
365,Kansas,47162.71261,492.2996653
366,Kentucky,53175.42203,1026.676616
367,Louisiana,154074.605,5144.026598
368,Maine,4697.99114,136
369,Maryland,112375.5828,3794.562685
370,Massachusetts,130271.0516,9149.906153
371,Michigan,118680.7576,6910.964864
372,Minnesota,82028.82083,1912.524825
373,Mississippi,88077.30739,2715.915371
374,Missouri,96010.5165,1655.795244
375,Montana,8391.290514,128.2219655
376,Nebraska,36629.29042,425.9551054
377,Nevada,73015.31202,1382.689534
378,New Hampshire,7405.049598,436
379,New Jersey,193568.5258,15971.77783
380,New Mexico,26257.40505,813.1535898
381,New York,438414.3576,33465.45997
382,North Carolina,180092.894,2891.121404
383,North Dakota,13532.89671,161.9300418
384,Ohio,131542.6857,4246.109522
385,Oklahoma,64787.25014,863.5270529
386,Oregon,28672.6098,499.6113447
387,Pennsylvania,143731.7662,7727.766059
388,Rhode Island,22594.62564,1052.278263
389,South Carolina,126651.4333,2964.718926
390,South Dakota,15694.72491,186.2426731
391,Tennessee,167247.4373,1916.775543
392,Texas,659872.7637,13928.7633
393,Utah,55078.74797,415.5005345
394,Vermont,1691.653023,58
395,Virginia,128505.9613,2649.150398
396,Washington,78656.87841,1977.662102
397,West Virginia,11337.35769,248.2369755
398,Wisconsin,81599.14448,1161.345595
399,Wyoming,4141.12153,41
400,Alabama,137875.0436,2389.1475
401,Alaska,5844.57547,41.5263599
402,Arizona,205621.862,5132.546964
403,Arkansas,66637.1276,917.0521046
404,California,749458.265,13693.07983
405,Colorado,59777.72025,1949.600982
406,Connecticut,53494.80444,4469.5
407,Delaware,18050.76386,609.5
408,Florida,640500.986,12813.68653
409,Georgia,284403.9404,6326.354985
410,Hawaii,9822,88
411,Idaho,34511.9246,415.1398437
412,Illinois,253304.9893,8369.580213
413,Indiana,103037.8912,3305.730434
414,Iowa,71103.66804,1202.629882
415,Kansas,47759.54038,497.688558
416,Kentucky,53810.76618,1039.164441
417,Louisiana,154804.9802,5166.830114
418,Maine,4719.11928,136.5
419,Maryland,112887.5504,3798.177021
420,Massachusetts,130435.0544,9159.667166
421,Michigan,119382.2671,6935.020259
422,Minnesota,82828.18965,1918.134295
423,Mississippi,88745.75589,2747.365226
424,Missouri,97349.22998,1669.998966
425,Montana,8519.650643,131.533003
426,Nebraska,36929.00223,429.738833
427,Nevada,73499.31153,1395.336479
428,New Hampshire,7419.794148,436.5
429,New Jersey,193673.918,15976.11925
430,New Mexico,26371.08833,817.444068
431,New York,438673.3416,33581.37288
432,North Carolina,181730.3853,2915.056444
433,North Dakota,13761.35185,164.4823728
434,Ohio,132607.909,4265.798876
435,Oklahoma,65572.13857,871.8578165
436,Oregon,28922.66315,504.7906502
437,Pennsylvania,144324.6883,7733.002014
438,Rhode Island,22670.49699,1052.778263
439,South Carolina,127633.6642,2996.344449
440,South Dakota,15975.72331,188.8414408
441,Tennessee,168830.0591,1940.719897
442,Texas,662329.4826,14086.07244
443,Utah,55465.32763,416.7887804
444,Vermont,1700.036765,58
445,Virginia,129514.1087,2657.503492
446,Washington,79165.4375,1985.23101
447,West Virginia,11476.75478,252.406652
448,Wisconsin,82386.73161,1166.12131
449,Wyoming,4178.133915,41.5
450,Alabama,139224.6236,2412.849598
451,Alaska,5914.536679,42.04216575
452,Arizona,206050.5015,5144.494911
453,Arkansas,67258.05478,930.8112683
454,California,752934.3972,13768.13711
455,Colorado,60039.15971,1950.100982
456,Connecticut,53539.68862,4470
457,Delaware,18116.77684,610
458,Florida,642111.2897,12960.70137
459,Georgia,285716.8395,6401.595583
460,Hawaii,9972,90
461,Idaho,34789.42548,421.4295187
462,Illinois,255098.8938,8382.081294
463,Indiana,104039.8386,3306.255434
464,Iowa,71790.77835,1211.948334
465,Kansas,48360.51019,503.0485617
466,Kentucky,54449.60508,1051.635543
467,Louisiana,155537.0683,5189.335491
468,Maine,4740.17127,137
469,Maryland,113398.3756,3801.515492
470,Massachusetts,130587.3933,9168.310939
471,Michigan,120082.4229,6961.040596
472,Minnesota,83632.83357,1923.709152
473,Mississippi,89417.3941,2778.996647
474,Missouri,98695.79288,1684.120544
475,Montana,8648.892686,134.861977
476,Nebraska,37230.08472,433.5433651
477,Nevada,73985.72995,1408.027699
478,New Hampshire,7434.180845,437
479,New Jersey,193757.7231,15981.2933
480,New Mexico,26485.03719,821.7308792
481,New York,438888.1181,33702.73998
482,North Carolina,183377.125,2939.041005
483,North Dakota,13991.16792,167.0409614
484,Ohio,133676.3749,4284.484313
485,Oklahoma,66361.83838,880.202905
486,Oregon,29174.0801,509.988014
487,Pennsylvania,144912.266,7741.570404
488,Rhode Island,22744.78034,1053.278263
489,South Carolina,128621.6943,3028.141005
490,South Dakota,16257.821,191.4434636
491,Tennessee,170422.1174,1964.806744
492,Texas,665242.5887,14243.39691
493,Utah,55853.85678,418.1130268
494,Vermont,1708.406125,58
495,Virginia,130525.8817,2665.745321
496,Washington,79676.2482,1992.737178
497,West Virginia,11616.8812,256.5922707
498,Wisconsin,83166.08424,1170.862546
499,Wyoming,4215.318405,42
500,Alabama,140582.0602,2436.655562
501,Alaska,5984.964056,42.56184333
502,Arizona,206480.8487,5156.421435
503,Arkansas,67882.57152,944.6547001
504,California,755902.9603,13843.2358
505,Colorado,60300.16887,1950.600982
506,Connecticut,53578.52395,4470.5
507,Delaware,18182.14871,610.5
508,Florida,643642.8719,13103.86269
509,Georgia,286971.7974,6494.694072
510,Hawaii,10122,92
511,Idaho,35068.57159,427.7488719
512,Illinois,256894.7597,8390.506706
513,Indiana,105045.4788,3306.780434
514,Iowa,72480.87382,1221.294972
515,Kansas,48964.63451,508.3796778
516,Kentucky,55091.93784,1064.090064
517,Louisiana,156270.948,5211.542719
518,Maine,4761.147177,137.5
519,Maryland,113908.0568,3804.578206
520,Massachusetts,130728.0613,9175.846036
521,Michigan,120781.2264,6988.209396
522,Minnesota,84442.75501,1929.24938
523,Mississippi,90092.22047,2810.809612
524,Missouri,100050.2041,1698.157936
525,Montana,8779.013597,138.2088847
526,Nebraska,37532.53779,437.3658369
527,Nevada,74474.56756,1420.76311
528,New Hampshire,7448.209021,437.5
529,New Jersey,193819.804,15986.74125
530,New Mexico,26599.25174,826.0140203
531,New York,439058.7402,33832.757
532,North Carolina,185033.111,2963.069825
533,North Dakota,14222.33874,169.6058029
534,Ohio,134748.0822,4303.235944
535,Oklahoma,67156.34869,888.5622926
536,Oregon,29426.86062,515.203439
537,Pennsylvania,145494.4983,7749.717953
538,Rhode Island,22817.47568,1053.778263
539,South Carolina,129615.5255,3060.108547
540,South Dakota,16541.01832,194.0487736
541,Tennessee,172023.6042,1989.036108
542,Texas,667697.6432,14393.70218
543,Utah,56244.33401,419.4733356
544,Vermont,1716.761125,58
545,Virginia,131541.2802,2673.87517
546,Washington,80189.31125,2000.180588
547,West Virginia,11757.73703,260.7938362
548,Wisconsin,83947.11059,1175.56936
549,Wyoming,4252.674914,42.5
550,Alabama,141947.3524,2460.564486
551,Alaska,6055.847888,43.08539327
552,Arizona,206912.9085,5168.322845
553,Arkansas,68510.67801,958.5824311
554,California,758829.286,13918.37628
555,Colorado,60560.74726,1951.100982
556,Connecticut,53611.3122,4471
557,Delaware,18246.87948,611
558,Florida,645098.1822,13255.30504
559,Georgia,288045.9435,6590.353052
560,Hawaii,10272,94
561,Idaho,35349.36299,434.0978989
562,Illinois,258711.5583,8396.313906
563,Indiana,106054.8118,3307.305434
564,Iowa,73173.94591,1230.66875
565,Kansas,49572.39786,513.681908
566,Kentucky,55737.76412,1076.528141
567,Louisiana,157006.5888,5233.451786
568,Maine,4782.047095,138
569,Maryland,114416.5957,3807.365127
570,Massachusetts,130857.0638,9183.695331
571,Michigan,121478.6805,7016.76335
572,Minnesota,85257.95377,1934.754967
573,Mississippi,90770.23403,2842.804126
574,Missouri,101412.4643,1712.111886
575,Montana,8910.012168,141.5737241
576,Nebraska,37836.36136,441.2075503
577,Nevada,74965.82377,1433.542644
578,New Hampshire,7461.878926,438
579,New Jersey,193860.2282,15992.49234
580,New Mexico,26713.73178,830.2934883
581,New York,439185.293,33970.13692
582,North Carolina,186698.3423,2986.85387
583,North Dakota,14454.86203,172.1768924
584,Ohio,135823.0328,4321.507545
585,Oklahoma,67955.66943,896.9359724
586,Oregon,29681.00459,520.4369276
587,Pennsylvania,146071.3845,7754.322115
588,Rhode Island,22888.58317,1054.278263
589,South Carolina,130615.1573,3092.24704
590,South Dakota,16825.31545,196.6572911
591,Tennessee,173634.528,2013.408013
592,Texas,669933.2844,14530.66028
593,Utah,56636.75884,420.8696774
594,Vermont,1725.101784,58
595,Virginia,132560.3053,2681.893005
596,Washington,80704.62618,2007.561221
597,West Virginia,11899.32229,265.0113513
598,Wisconsin,84731.84316,1180.241804
599,Wyoming,4290.203368,43
600,Alabama,143320.5,2484.575837
601,Alaska,6127.183968,43.61281425
602,Arizona,207346.6821,5180.200782
603,Arkansas,69142.37409,972.5944893
604,California,761581.1207,13993.5584
605,Colorado,60820.89526,1951.600982
606,Connecticut,53638.0528,4471.5
607,Delaware,18310.96909,611.5
608,Florida,646524.2508,13307.44097
609,Georgia,288908.0247,6656.988827
610,Hawaii,10422,96
611,Idaho,35631.79959,440.4765966
612,Illinois,260476.4451,8402.108329
613,Indiana,107067.8373,3307.830434
614,Iowa,73869.99132,1240.069695
615,Kansas,50183.56206,518.9552542
616,Kentucky,56387.0837,1088.949904
617,Louisiana,157744.0045,5255.062692
618,Maine,4802.871117,138.5
619,Maryland,114923.9919,3809.876256
620,Massachusetts,130974.4042,9191.041942
621,Michigan,122174.7866,7046.3928
622,Minnesota,86078.42972,1940.225898
623,Mississippi,91451.43379,2874.980188
624,Missouri,102782.5726,1725.976541
625,Montana,9041.887906,144.9564934
626,Nebraska,38141.55535,445.0679136
627,Nevada,75459.49847,1446.366236
628,New Hampshire,7475.190448,438.5
629,New Jersey,193878.9576,15998.55908
630,New Mexico,26828.4774,834.5692804
631,New York,439267.6583,34116.35682
632,North Carolina,188372.8222,3010.688277
633,North Dakota,14688.73698,174.754226
634,Ohio,136901.2257,4339.577873
635,Oklahoma,68759.79976,905.3239428
636,Oregon,29936.51197,525.6884821
637,Pennsylvania,146642.9259,7756.13886
638,Rhode Island,22958.10269,1054.778263
639,South Carolina,131620.5879,3124.556451
640,South Dakota,17110.7126,199.2692397
641,Tennessee,175254.89,2037.922487
642,Texas,671800.1331,14662.42377
643,Utah,57031.13127,422.3020633
644,Vermont,1733.428121,58
645,Virginia,133582.9558,2689.798346
646,Washington,81222.19298,2014.879063
647,West Virginia,12041.63706,269.2448191
648,Wisconsin,85520.6984,1184.879928
649,Wyoming,4327.903706,43.5
650,Alabama,144701.5028,2508.68905
651,Alaska,6198.970455,44.14408446
652,Arizona,207782.1695,5192.054544
653,Arkansas,69777.65954,986.6909005
654,California,764317.4672,14068.78209
655,Colorado,61080.61239,1952.100982
656,Connecticut,53658.74663,4472
657,Delaware,18374.41742,612
658,Florida,647801.2204,13370.39214
659,Georgia,289711.0375,6728.454497
660,Hawaii,10572,98
661,Idaho,35915.88155,446.8849619
662,Illinois,262197.9141,8408.646593
663,Indiana,108084.5554,3308.355434
664,Iowa,74569.00821,1249.497803
665,Kansas,50798.24407,524.199719
666,Kentucky,57039.89571,1101.35547
667,Louisiana,158483.1863,5276.375422
668,Maine,4823.619331,139
669,Maryland,115430.2445,3812.111587
670,Massachusetts,131080.0768,9197.149247
671,Michigan,122869.5476,7076.837217
672,Minnesota,86904.18249,1945.662161
673,Mississippi,92135.81874,2907.337799
674,Missouri,104160.5292,1739.763421
675,Montana,9174.640578,148.3571907
676,Nebraska,38448.1197,448.9471953
677,Nevada,75955.59217,1459.233833
678,New Hampshire,7488.143611,439
679,New Jersey,193879.4576,16004.88166
680,New Mexico,26943.48845,838.8413934
681,New York,439305.9256,34287.99911
682,North Carolina,190056.5474,3034.585403
683,North Dakota,14923.96334,177.3377996
684,Ohio,137982.6604,4357.304785
685,Oklahoma,69568.73985,913.7262039
686,Oregon,30193.38271,530.958106
687,Pennsylvania,147209.1214,7756.63886
688,Rhode Island,23026.03434,1055.278263
689,South Carolina,132631.818,3157.036752
690,South Dakota,17397.20999,201.8844977
691,Tennessee,176884.6836,2062.579554
692,Texas,673282.346,14797.00743
693,Utah,57427.45072,423.7704867
694,Vermont,1741.74015,58
695,Virginia,134609.2312,2697.591453
696,Washington,81742.01159,2022.134099
697,West Virginia,12184.68135,273.4942418
698,Wisconsin,86313.76234,1189.483781
699,Wyoming,4365.775879,44
700,Alabama,146071.4189,2532.970203
701,Alaska,6271.258878,44.69445796
702,Arizona,208216.2248,5203.884377
703,Arkansas,70399.88059,1001.169109
704,California,766921.4987,14144.0476
705,Colorado,61337.96045,1952.600982
706,Connecticut,53727.09838,4473.579341
707,Delaware,18436.57221,612.5
708,Florida,648939.2643,13532.33853
709,Georgia,290508.2377,6820.227671
710,Hawaii,10672,100
711,Idaho,36192.91797,453.6433386
712,Illinois,263867.9236,8418.087476
713,Indiana,109120.1112,3308.880434
714,Iowa,75266.63536,1258.838535
715,Kansas,51411.9744,529.382607
716,Kentucky,57704.31952,1114.056618
717,Louisiana,159205.1689,5300.92777
718,Maine,4844.067348,139.5392108
719,Maryland,115927.3986,3813.027839
720,Massachusetts,131218.2235,9203.292271
721,Michigan,123610.4945,7108.961902
722,Minnesota,87721.93933,1951.14016
723,Mississippi,92800.62197,2940.062967
724,Missouri,105561.88,1753.417779
725,Montana,9310.129303,151.8731444
726,Nebraska,38755.13965,452.7647574
727,Nevada,76454.66046,1472.320141
728,New Hampshire,7499.758463,439.5
729,New Jersey,193954.7752,16011.54608
730,New Mexico,27047.40636,842.9035388
731,New York,439306.4256,34484.27941
732,North Carolina,191748.3516,3058.916005
733,North Dakota,15166.6378,179.8863951
734,Ohio,139063.8912,4374.760741
735,Oklahoma,70383.13567,922.5919519
736,Oregon,30442.62954,536.4267165
737,Pennsylvania,147776.219,7757.13886
738,Rhode Island,23093.59409,1055.778263
739,South Carolina,133649.4582,3189.359248
740,South Dakota,17697.87262,204.3841681
741,Tennessee,178498.2062,2087.77141
742,Texas,674662.8941,14939.14022
743,Utah,57823.09491,424.7954867
744,Vermont,1750.592986,58
745,Virginia,135623.4615,2704.875152
746,Washington,82244.00543,2029.829271
747,West Virginia,12328.4976,277.9651886
748,Wisconsin,87174.7028,1194.275848
749,Wyoming,4403.144929,44.52661948
750,Alabama,147444.4296,2557.373114
751,Alaska,6344.009751,45.25113648
752,Arizona,208651.8769,5215.690281
753,Arkansas,71021.86394,1015.798181
754,California,769377.1232,14219.35478
755,Colorado,61594.31187,1953.100982
756,Connecticut,53786.6894,4475.390619
757,Delaware,18498.03616,613
758,Florida,649871.4385,13701.49603
759,Georgia,291307.9675,6907.123527
760,Hawaii,10772,102
761,Idaho,36472.54741,460.5271846
762,Illinois,265523.6545,8427.44109
763,Indiana,110162.6971,3309.405434
764,Iowa,75965.07915,1268.188596
765,Kansas,52029.28874,534.5206967
766,Kentucky,58372.22739,1126.816829
767,Louisiana,159931.8492,5325.350951
768,Maine,4864.304465,140.0837924
769,Maryland,116421.3214,3813.762703
770,Massachusetts,131356.7264,9209.398434
771,Michigan,124357.0465,7142.397422
772,Minnesota,88538.49698,1956.618745
773,Mississippi,93459.7402,2973.026235
774,Missouri,106977.6394,1766.979986
775,Montana,9447.421339,155.426252
776,Nebraska,39063.21476,456.5951487
777,Nevada,76956.30011,1485.4857
778,New Hampshire,7511.230488,440
779,New Jersey,194020.4397,16018.77283
780,New Mexico,27149.79107,847.0930691
781,New York,439306.9256,34694.02995
782,North Carolina,193449.6161,3083.324717
783,North Dakota,15413.59371,182.440518
784,Ohio,140147.3821,4391.908802
785,Oklahoma,71202.69774,931.3942276
786,Oregon,30693.82092,541.9376451
787,Pennsylvania,148338.7118,7758.491919
788,Rhode Island,23160.22532,1056.278263
789,South Carolina,134673.1216,3221.810516
790,South Dakota,18004.47405,206.8614046
791,Tennessee,180118.7156,2113.200852
792,Texas,676036.8469,15089.22349
793,Utah,58219.90666,425.8204867
794,Vermont,1759.487053,58
795,Virginia,136637.2139,2711.893775
796,Washington,82752.50759,2037.504694
797,West Virginia,12473.06677,282.4609983
798,Wisconsin,88012.54845,1199.064492
799,Wyoming,4440.615879,45.05700022
800,Alabama,147545.35,2581.884853
801,Alaska,6417.212004,45.81518063
802,Arizona,209089.3964,5227.472106
803,Arkansas,71643.28554,1030.520593
804,California,771590.4574,14294.7036
805,Colorado,61849.34698,1953.600982
806,Connecticut,53853.63758,4477.327297
807,Delaware,18558.77064,613.5
808,Florida,650807.256,13803.59351
809,Georgia,292102.1339,6989.570159
810,Hawaii,10872,104
811,Idaho,36752.01404,467.4398671
812,Illinois,267173.9716,8434.370998
813,Indiana,111213.2142,3309.930434
814,Iowa,76665.1579,1277.541494
815,Kansas,52649.39424,539.6053771
816,Kentucky,59044.01821,1139.638398
817,Louisiana,160659.5025,5350.406155
818,Maine,4884.29515,140.6284543
819,Maryland,116912.2097,3814.262703
820,Massachusetts,131493.9598,9214.555124
821,Michigan,125111.0768,7177.350982
822,Minnesota,89356.92707,1962.120078
823,Mississippi,94119.3521,3006.173878
824,Missouri,108407.9483,1780.450026
825,Montana,9736.353209,158.992952
826,Nebraska,39372.13748,460.4472872
827,Nevada,77460.62455,1498.711208
828,New Hampshire,7522.100138,440.5
829,New Jersey,194114.8103,16026.5523
830,New Mexico,27248.60903,851.1213439
831,New York,439307.4256,34914.13285
832,North Carolina,195160.1132,3107.820504
833,North Dakota,15903.43486,184.9983194
834,Ohio,141232.7286,4408.767839
835,Oklahoma,72027.19261,940.3889188
836,Oregon,30946.58602,547.4956908
837,Pennsylvania,148895.8876,7761.593905
838,Rhode Island,23226.18309,1056.778263
839,South Carolina,135702.8763,3254.400735
840,South Dakota,18317.10689,209.3239238
841,Tennessee,181748.9929,2138.841021
842,Texas,677353.3155,15240.76612
843,Utah,59667.22596,426.8454867
844,Vermont,1752.219476,58
845,Virginia,137651.942,2718.753826
846,Washington,83263.21151,2045.210007
847,West Virginia,12826.03244,287.0232308
848,Wisconsin,90362.24363,1203.834776
849,Wyoming,4555.822863,45.59842583
850,Alabama,147648.8795,2606.50823
851,Alaska,6490.855697,46.38823592
852,Arizona,209528.1642,5239.229994
853,Arkansas,72265.16412,1045.411081
854,California,773556.4853,14370.09423
855,Colorado,62102.56159,1954.100982
856,Connecticut,53914.67547,4479.214191
857,Delaware,18618.75295,614
858,Florida,651675.4526,13900.33183
859,Georgia,292808.2974,7086.436286
860,Hawaii,10972,106
861,Idaho,37033.68982,474.4384449
862,Illinois,268834.1951,8438.394623
863,Indiana,112269.7826,3310.455434
864,Iowa,77366.95551,1286.89282
865,Kansas,53271.80755,544.6410675
866,Kentucky,59719.64373,1152.487574
867,Louisiana,161386.6396,5375.895384
868,Maine,4904.053541,141.1871955
869,Maryland,117401.573,3814.762703
870,Massachusetts,131629.3507,9219.125538
871,Michigan,125870.1977,7213.637015
872,Minnesota,90177.00293,1967.632219
873,Mississippi,94778.11939,3039.50682
874,Missouri,109850.9491,1793.823024
875,Montana,10026.14545,162.5944671
876,Nebraska,39681.91767,464.3161479
877,Nevada,77967.63393,1512.002006
878,New Hampshire,7532.739031,441
879,New Jersey,194223.7673,16034.87709
880,New Mexico,27345.01274,855.1056101
881,New York,439307.9256,35146.08637
882,North Carolina,196879.9081,3132.345382
883,North Dakota,16396.0915,187.5540488
884,Ohio,142320.6618,4425.328211
885,Oklahoma,72856.71515,949.4484714
886,Oregon,31200.03716,553.0849992
887,Pennsylvania,149448.8748,7764.313103
888,Rhode Island,23298.43726,1057.278263
889,South Carolina,136738.6978,3287.100872
890,South Dakota,18635.39199,211.7671217
891,Tennessee,183386.4318,2164.673649
892,Texas,678454.3447,15389.87087
893,Utah,61116.17792,427.8704867
894,Vermont,1745.130953,58
895,Virginia,138667.7376,2725.435958
896,Washington,83774.20363,2052.91979
897,West Virginia,13179.75301,291.655609
898,Wisconsin,92714.50407,1208.609286
899,Wyoming,4671.087536,46.13233008
900,Alabama,147756.2939,2631.237424
901,Alaska,6564.955894,46.96974205
902,Arizona,209968.4961,5250.963884
903,Arkansas,72889.59312,1060.428549
904,California,775327.0751,14445.52653
905,Colorado,62354.62415,1954.600982
906,Connecticut,53982.54044,4481.3395
907,Delaware,18677.9807,614.5
908,Florida,652428.3742,13998.41806
909,Georgia,293374.4952,7183.880497
910,Hawaii,11072,109
911,Idaho,37316.23985,481.4921961
912,Illinois,270489.1187,8440.810708
913,Indiana,113330.4475,3310.980434
914,Iowa,78070.91183,1296.26832
915,Kansas,53897.37787,549.6254999
916,Kentucky,60399.84234,1165.350907
917,Louisiana,162114.2653,5400.76248
918,Maine,4923.574015,141.757894
919,Maryland,117888.5955,3815.262703
920,Massachusetts,131755.2329,9223.769359
921,Michigan,126632.9719,7251.308747
922,Minnesota,90999.51368,1973.161602
923,Mississippi,95435.54788,3073.049396
924,Missouri,111304.5503,1807.105716
925,Montana,10317.17527,166.2426427
926,Nebraska,39992.54724,468.2040162
927,Nevada,78477.32907,1525.333101
928,New Hampshire,7542.885533,441.5
929,New Jersey,194344.3687,16043.69568
930,New Mexico,27439.86436,859.0692885
931,New York,439308.4256,35387.94684
932,North Carolina,198609.0607,3156.81844
933,North Dakota,16890.6434,190.1102297
934,Ohio,143411.3629,4441.594813
935,Oklahoma,73691.28072,958.5851902
936,Oregon,31453.45609,558.7237217
937,Pennsylvania,149997.1231,7765.450605
938,Rhode Island,23369.83304,1057.778263
939,South Carolina,137780.5249,3319.962593
940,South Dakota,18955.91866,214.2148315
941,Tennessee,185032.741,2190.710725
942,Texas,679344.092,15533.99896
943,Utah,62567.17231,428.8954867
944,Vermont,1738.108288,58
945,Virginia,139682.8608,2731.963689
946,Washington,84283.87006,2060.640734
947,West Virginia,13534.22954,296.3631314
948,Wisconsin,95057.64392,1213.363897
949,Wyoming,4786.366635,46.68232262
950,Alabama,147867.716,2656.076903
951,Alaska,6639.51526,47.55848481
952,Arizona,210409.6855,5262.673906
953,Arkansas,73514.63158,1075.584282
954,California,776928.2364,14521.00059
955,Colorado,62604.99048,1955.100982
956,Connecticut,54051.50785,4484.073073
957,Delaware,18736.37496,615
958,Florida,653067.6658,14027.38111
959,Georgia,293808.0606,7263.831396
960,Hawaii,11172,112
961,Idaho,37599.20969,488.6028655
962,Illinois,272120.5408,8443.19453
963,Indiana,114396.6688,3311.505434
964,Iowa,78777.02539,1305.656481
965,Kansas,54525.13079,554.5598379
966,Kentucky,61084.78271,1178.243717
967,Louisiana,162842.2391,5426.228252
968,Maine,4942.85882,142.3354554
969,Maryland,118372.965,3815.762703
970,Massachusetts,131877.5463,9227.761787
971,Michigan,127403.0103,7290.366522
972,Minnesota,91824.00726,1978.704759
973,Mississippi,96092.22094,3106.813954
974,Missouri,112770.7804,1820.291339
975,Montana,10609.33566,169.9417774
976,Nebraska,40303.96021,472.1098521
977,Nevada,78989.73993,1538.74366
978,New Hampshire,7552.448975,442
979,New Jersey,194472.7573,16053.05596
980,New Mexico,27531.7561,862.9692066
981,New York,439308.9256,35647.09201
982,North Carolina,200347.4673,3181.353748
983,North Dakota,17387.27479,192.6582511
984,Ohio,144504.5219,4457.565128
985,Oklahoma,74530.70787,967.7108223
986,Oregon,31707.53893,564.4007583
987,Pennsylvania,150541.1634,7765.950605
988,Rhode Island,23439.65513,1058.278263
989,South Carolina,138828.4671,3352.964696
990,South Dakota,19280.77992,216.6348942
991,Tennessee,186680.4343,2216.939372
992,Texas,679893.6755,15675.32917
993,Utah,64019.8661,429.9204867
994,Vermont,1731.196526,58
995,Virginia,140697.9684,2738.274636
996,Washington,84795.82884,2068.419571
997,West Virginia,13889.47082,301.1201315
998,Wisconsin,97412.3825,1218.113029
999,Wyoming,4901.663622,47.23483634
1000,Alabama,147978.8512,2681.02997
1001,Alaska,6714.540255,48.14582799
1002,Arizona,210852.1937,5274.359955
1003,Arkansas,74139.71364,1090.89434
1004,California,778414.3171,14596.51633
1005,Colorado,62853.32015,1955.600982
1006,Connecticut,54118.64005,4487.071031
1007,Delaware,18793.96659,615.5
1008,Florida,653607.3681,14054.2085
1009,Georgia,294152.1216,7347.958911
1010,Hawaii,11272,115
1011,Idaho,37883.43395,495.8030062
1012,Illinois,273716.1461,8446.182093
1013,Indiana,115471.3108,3312.030434
1014,Iowa,79484.31238,1315.028517
1015,Kansas,55155.50943,559.443484
1016,Kentucky,61774.64423,1191.220549
1017,Louisiana,163571.294,5451.974531
1018,Maine,4961.907046,142.9265644
1019,Maryland,118852.3805,3816.262703
1020,Massachusetts,131999.7178,9230.989834
1021,Michigan,128181.5619,7330.89237
1022,Minnesota,92648.17467,1984.263555
1023,Mississippi,96747.24429,3140.807327
1024,Missouri,114252.2691,1833.37598
1025,Montana,10902.88877,173.6648794
1026,Nebraska,40616.0018,476.0341284
1027,Nevada,79504.99971,1552.236226
1028,New Hampshire,7561.517622,442.5
1029,New Jersey,194615.1786,16062.98219
1030,New Mexico,27620.39111,866.8289443
1031,New York,439309.4256,35934.97901
1032,North Carolina,202094.8971,3205.993092
1033,North Dakota,17886.28731,195.2005579
1034,Ohio,145600.1354,4473.240411
1035,Oklahoma,75375.15033,976.8774172
1036,Oregon,31962.40792,570.138466
1037,Pennsylvania,151082.3403,7766.450605
1038,Rhode Island,23510.9943,1058.778263
1039,South Carolina,139882.5449,3386.035784
1040,South Dakota,19611.54301,219.0138911
1041,Tennessee,188333.2995,2243.435363
1042,Texas,680199.4006,15817.61556
1043,Utah,65473.29746,430.9454867
1044,Vermont,1724.414452,58
1045,Virginia,141712.2593,2744.335082
1046,Washington,85305.23817,2076.265497
1047,West Virginia,14245.48091,305.9402154
1048,Wisconsin,99795.79452,1222.860693
1049,Wyoming,5016.972074,47.79953389
1050,Alabama,148092.1347,2706.123865
1051,Alaska,6790.036898,48.75152512
1052,Arizona,211294.7462,5286.021947
1053,Arkansas,74762.57171,1106.420967
1054,California,779756.6147,14672.07377
1055,Colorado,63099.2593,1956.100982
1056,Connecticut,54194.87641,4490.521325
1057,Delaware,18850.79044,616
1058,Florida,653967.8339,14154.46258
1059,Georgia,294461.5875,7445.36356
1060,Hawaii,11372,118
1061,Idaho,38167.23448,503.2194397
1062,Illinois,275272.1294,8450.265473
1063,Indiana,116555.8362,3312.555434
1064,Iowa,80192.27177,1324.377121
1065,Kansas,55786.11392,564.2767447
1066,Kentucky,62470.91086,1204.319624
1067,Louisiana,164292.7834,5479.126824
1068,Maine,4980.719064,143.5309846
1069,Maryland,119327.1056,3816.762703
1070,Massachusetts,132125.7985,9234.111017
1071,Michigan,128971.1391,7372.998893
1072,Minnesota,93470.23969,1989.836986
1073,Mississippi,97395.34501,3175.081732
1074,Missouri,115751.6628,1846.360614
1075,Montana,11198.20123,177.4431069
1076,Nebraska,40928.36035,479.9766302
1077,Nevada,80023.19183,1565.867204
1078,New Hampshire,7569.981622,443
1079,New Jersey,194790.3302,16073.53297
1080,New Mexico,27706.12104,870.6072828
1081,New York,439309.9256,36248.48553
1082,North Carolina,203851.2803,3230.868564
1083,North Dakota,18389.59105,197.7385631
1084,Ohio,146697.2605,4488.620027
1085,Oklahoma,76224.70064,986.370314
1086,Oregon,32214.75384,575.984204
1087,Pennsylvania,151620.8912,7766.950605
1088,Rhode Island,23581.32978,1059.278263
1089,South Carolina,140942.8723,3419.11894
1090,South Dakota,19948.99857,221.3481725
1091,Tennessee,189989.6416,2270.253995
1092,Texas,680373.9631,15963.01541
1093,Utah,66927.74622,431.9704867
1094,Vermont,1717.825419,58
1095,Virginia,142723.2408,2750.104814
1096,Washington,85810.07696,2084.24863
1097,West Virginia,14602.26611,310.8664248
1098,Wisconsin,102195.2373,1227.70549
1099,Wyoming,5132.182083,48.37375561
1100,Alabama,148205.0103,2731.343852
1101,Alaska,6865.994721,49.36465629
1102,Arizona,211738.04,5297.660016
1103,Arkansas,75385.02837,1122.110753
1104,California,780944.4977,14747.67298
1105,Colorado,63342.66598,1956.600982
1106,Connecticut,54275.37268,4494.124613
1107,Delaware,18906.70714,616.5
1108,Florida,654197.1862,14263.91035
1109,Georgia,294750.5108,7539.015211
1110,Hawaii,11472,121
1111,Idaho,38449.43177,510.7732656
1112,Illinois,276798.5593,8453.790904
1113,Indiana,117648.6055,3313.080434
1114,Iowa,80901.26697,1333.725171
1115,Kansas,56419.5552,569.0594625
1116,Kentucky,63172.16261,1217.498746
1117,Louisiana,165017.7949,5506.792789
1118,Maine,4999.294724,144.1446034
1119,Maryland,119797.5597,3817.262703
1120,Massachusetts,132258.5106,9236.93085
1121,Michigan,129772.6068,7416.63917
1122,Minnesota,94290.60833,1995.425591
1123,Mississippi,98036.61672,3209.59423
1124,Missouri,117266.7218,1859.288318
1125,Montana,11495.45949,181.2699372
1126,Nebraska,41241.04077,483.937455
1127,Nevada,80544.31583,1579.588416
1128,New Hampshire,7577.843949,443.5
1129,New Jersey,194955.4682,16084.76428
1130,New Mexico,27788.23467,874.3584604
1131,New York,439310.4256,36579.17007
1132,North Carolina,205616.8567,3255.834272
1133,North Dakota,18896.90577,200.2750153
1134,Ohio,147796.1631,4503.704304
1135,Oklahoma,77079.35746,995.9621848
1136,Oregon,32466.64022,581.8866013
1137,Pennsylvania,152156.4711,7767.450605
1138,Rhode Island,23650.93547,1059.778263
1139,South Carolina,142009.5093,3452.310366
1140,South Dakota,20294.03695,223.6506333
1141,Tennessee,191648.8123,2297.32693
1142,Texas,680403.5403,16112.07016
1143,Utah,68382.79468,432.9954867
1144,Vermont,1711.417587,58
1145,Virginia,143734.2976,2755.628443
1146,Washington,86316.3519,2092.267067
1147,West Virginia,14959.83705,315.8494532
1148,Wisconsin,104595.7749,1232.562749
1149,Wyoming,5247.382188,48.95625993
1150,Alabama,148319.9777,2756.679669
1151,Alaska,6942.406433,49.98522147
1152,Arizona,212182.544,5309.274146
1153,Arkansas,76005.19358,1137.936494
1154,California,781919.6256,14823.31374
1155,Colorado,63583.61211,1957.100982
1156,Connecticut,54368.02243,4498.058904
1157,Delaware,18961.84934,617
1158,Florida,654311.9418,14319.94169
1159,Georgia,294997.2845,7630.133313
1160,Hawaii,11572,124
1161,Idaho,38732.70516,518.3906955
1162,Illinois,278306.1202,8455.497484
1163,Indiana,118749.9487,3313.605434
1164,Iowa,81611.54601,1343.06711
1165,Kansas,57054.95412,573.7917183
1166,Kentucky,63878.25184,1230.747885
1167,Louisiana,165740.4449,5535.045134
1168,Maine,5017.634088,144.7698626
1169,Maryland,120263.7898,3817.762703
1170,Massachusetts,132391.3494,9238.990882
1171,Michigan,130586.8744,7461.843779
1172,Minnesota,95112.01956,2001.029078
1173,Mississippi,98675.62757,3244.310008
1174,Missouri,118796.0979,1872.137763
1175,Montana,11794.02698,185.1311132
1176,Nebraska,41554.1066,487.9165581
1177,Nevada,81068.41166,1593.379033
1178,New Hampshire,7585.287021,444
1179,New Jersey,195159.8684,16096.67969
1180,New Mexico,27867.2368,878.035937
1181,New York,439310.9256,36924.86491
1182,North Carolina,207391.6432,3280.892667
1183,North Dakota,19407.85245,202.8088471
1184,Ohio,148897.1364,4518.493039
1185,Oklahoma,77939.06079,1005.691167
1186,Oregon,32719.50819,587.8446267
1187,Pennsylvania,152687.0771,7767.950605
1188,Rhode Island,23721.92238,1060.278263
1189,South Carolina,143082.4225,3485.607135
1190,South Dakota,20645.02997,225.9315035
1191,Tennessee,193312.1396,2324.635025
1192,Texas,680404.0403,16262.48253
1193,Utah,69839.01772,434.0204867
1194,Vermont,1705.140936,58
1195,Virginia,144744.5926,2760.94737
1196,Washington,86822.81219,2100.338956
1197,West Virginia,15318.1956,320.9064409
1198,Wisconsin,106992.6232,1237.417592
1199,Wyoming,5362.571159,49.54557969
1200,Alabama,148436.5398,2782.131385
1201,Alaska,7019.271437,50.61539399
1202,Arizona,212628.1489,5320.864245
1203,Arkansas,76624.79005,1153.933194
1204,California,782686.3243,14898.99635
1205,Colorado,63822.23351,1957.600982
1206,Connecticut,54459.82383,4502.355495
1207,Delaware,19016.18161,617.5
1208,Florida,654371.48,14366.98767
1209,Georgia,295165.4161,7732.017473
1210,Hawaii,11672,127
1211,Idaho,39016.23942,526.1064136
1212,Illinois,279803.6211,8455.997484
1213,Indiana,119857.9443,3314.130434
1214,Iowa,82323.29085,1352.410155
1215,Kansas,57692.12454,578.47347
1216,Kentucky,64588.7351,1244.047717
1217,Louisiana,166463.3944,5563.84695
1218,Maine,5035.737139,145.4079042
1219,Maryland,120726.4966,3818.262703
1220,Massachusetts,132523.7009,9240.68626
1221,Michigan,131409.9878,7508.604629
1222,Minnesota,95934.72245,2006.647606
1223,Mississippi,99312.73356,3279.230463
1224,Missouri,120338.7348,1884.919514
1225,Montana,12093.64389,188.9992836
1226,Nebraska,41867.58375,491.9139594
1227,Nevada,81595.41661,1607.243226
1228,New Hampshire,7592.206304,444.5
1229,New Jersey,195369.2098,16109.31466
1230,New Mexico,27943.16719,881.6587839
1231,New York,439311.4256,37284.86945
1232,North Carolina,209175.8316,3305.999646
1233,North Dakota,19922.20683,205.3374532
1234,Ohio,150000.2827,4532.986359
1235,Oklahoma,78803.82829,1015.514153
1236,Oregon,32973.05405,593.8513534
1237,Pennsylvania,153213.5665,7768.450605
1238,Rhode Island,23796.03778,1060.778263
1239,South Carolina,144161.6323,3519.009808
1240,South Dakota,21001.53067,228.1923774
1241,Tennessee,194980.677,2352.173046
1242,Texas,680404.5403,16412.27066
1243,Utah,71296.91168,435.0454867
1244,Vermont,1699.050615,58
1245,Virginia,145754.124,2766.056852
1246,Washington,87329.06303,2108.45856
1247,West Virginia,15677.33618,326.0402379
1248,Wisconsin,109380.7081,1242.29028
1249,Wyoming,5477.750909,50.14306038
1250,Alabama,148555.1285,2807.681627
1251,Alaska,7096.598321,51.25541064
1252,Arizona,213075.0133,5332.430483
1253,Arkansas,77244.26296,1170.085379
1254,California,783235.9565,14974.7207
1255,Colorado,64058.13205,1958.100982
1256,Connecticut,54558.26553,4507.019971
1257,Delaware,19069.69459,618
1258,Florida,654371.98,14412.96176
1259,Georgia,295220.223,7834.086157
1260,Hawaii,11772,130
1261,Idaho,39301.31709,533.9052069
1262,Illinois,281287.2544,8456.497484
1263,Indiana,120972.294,3314.655434
1264,Iowa,83036.62402,1361.763201
1265,Kansas,58331.75998,583.1047391
1266,Kentucky,65304.06213,1257.395308
1267,Louisiana,167186.6503,5592.58145
1268,Maine,5053.603883,146.057836
1269,Maryland,121185.4859,3818.762703
1270,Massachusetts,132654.2689,9242.214101
1271,Michigan,132241.9608,7556.966952
1272,Minnesota,96758.27344,2012.28109
1273,Mississippi,99946.83038,3314.377039
1274,Missouri,121894.386,1897.628334
1275,Montana,12394.434,192.9373692
1276,Nebraska,42181.28817,495.9296497
1277,Nevada,82125.40176,1621.167343
1278,New Hampshire,7598.694943,445
1279,New Jersey,195599.8073,16122.6776
1280,New Mexico,28015.88805,885.233988
1281,New York,439311.9256,37659.57957
1282,North Carolina,210969.3774,3331.13579
1283,North Dakota,20439.34073,207.860799
1284,Ohio,151105.8514,4547.18415
1285,Oklahoma,79673.63775,1025.43486
1286,Oregon,33226.40761,599.917187
1287,Pennsylvania,153736.5913,7768.950605
1288,Rhode Island,23870.01303,1061.278263
1289,South Carolina,145247.1312,3552.545792
1290,South Dakota,21363.1433,230.4306741
1291,Tennessee,196655.2192,2379.942022
1292,Texas,680405.0403,16560.31902
1293,Utah,72756.34293,436.0704867
1294,Vermont,1693.102825,58
1295,Virginia,146762.3851,2770.948968
1296,Washington,87834.4498,2116.635619
1297,West Virginia,16037.26434,331.2523543
1298,Wisconsin,111769.1851,1247.159939
1299,Wyoming,5592.910854,50.74819807